<?xml version="1.0" encoding="UTF-8"?>
<actions>     
    <action>
        <actionName>CUSTOM-install</actionName>
        <displayName>install</displayName>
        <goals>
            <goal>install</goal>
        </goals>
        <properties>
            <skipTests>true</skipTests>
        </properties>
    </action>
    <action>
        <actionName>run</actionName>
        <goals>
            <goal>process-classes</goal>
            <goal>org.codehaus.mojo:exec-maven-plugin:1.2:exec</goal>
        </goals>
        <properties>
            <exec.classpathScope>runtime</exec.classpathScope>
            <exec.args>-classpath %classpath com.graphhopper.GraphHopper config=../config.properties osmreader.osm=./files/moscow.osm.gz</exec.args>
            <exec.executable>java</exec.executable>
        </properties>
    </action>
    <action>
        <actionName>debug</actionName>
        <goals>
            <goal>process-classes</goal>
            <goal>org.codehaus.mojo:exec-maven-plugin:1.2:exec</goal>
        </goals>
        <properties>
            <exec.classpathScope>runtime</exec.classpathScope>
            <exec.args>-Xdebug -Xrunjdwp:transport=dt_socket,server=n,address=${jpda.address} -classpath %classpath com.graphhopper.GraphHopper config=../config.properties osmreader.osm=./files/moscow.osm.gz</exec.args>
            <jpda.listen>true</jpda.listen>
            <exec.executable>java</exec.executable>
        </properties>
    </action>
    <action>
        <actionName>profile</actionName>
        <goals>
            <goal>process-classes</goal>
            <goal>org.codehaus.mojo:exec-maven-plugin:1.1.1:exec</goal>
        </goals>
        <properties>
            <exec.args>-classpath %classpath com.graphhopper.GraphHopper config=../config.properties osmreader.osm=../extract.osm</exec.args>
            <profiler.action>profile</profiler.action>
            <exec.executable>${profiler.java}</exec.executable>
        </properties>
    </action>
    <action>
        <actionName>CUSTOM-inttest</actionName>
        <displayName>integration tests</displayName>
        <goals>
            <goal>failsafe:integration-test</goal>
        </goals>
    </action>
    <action>
        <actionName>CUSTOM-assembly</actionName>
        <displayName>clean assembly</displayName>
        <goals>
            <goal>clean</goal>
            <goal>install</goal>
            <goal>assembly:single</goal>
        </goals>
        <properties>
            <skipTests>true</skipTests>
        </properties>
    </action>
</actions>
