<?xml version="1.0" encoding="UTF-8"?>
<actions>
    <action>
        <actionName>CUSTOM-jetty:run</actionName>
        <displayName>jetty:run</displayName>
        <goals>
            <goal>jetty:run</goal>
        </goals>
        <properties>
            <maven.test.skip>true</maven.test.skip>
            <Env.MAVEN_OPTS>-Djetty.port=8989 -Dgraphhopper.config=../config.properties -Dgraphhopper.osmreader.osm=../core/files/krems.osm.gz -Xms1500m -Xms1500m</Env.MAVEN_OPTS>
        </properties>
    </action>
    <action>
        <actionName>CUSTOM-jetty:run debug</actionName>
        <displayName>jetty:run debug</displayName>
        <goals>
            <goal>jetty:run</goal>
        </goals>
        
        <properties>
            <maven.test.skip>true</maven.test.skip>
            <Env.MAVEN_OPTS>-Djetty.port=8989 -Dgraphhopper.config=../config.properties -Dgraphhopper.osmreader.osm=../core/files/circle-bug.osm.gz -Xms1500m -Xms1500m -Xdebug -Xrunjdwp:transport=dt_socket,server=y,address=8000</Env.MAVEN_OPTS>
        </properties>
    </action>
    <action>
            <actionName>CUSTOM-failsafe verify</actionName>
            <displayName>failsafe verify</displayName>
            <goals>
                <goal>failsafe:integration-test</goal>
                <goal>verify</goal>
            </goals>
        </action>
</actions>
